seq_index;sequence
0;ATGAGCTCCTTGGAGCTGGGGGACTCAGCCCTGTACTTCTGTGCCAGCAGCTCCAAGGGGTGGGATGAAAAACTGTTTTTTGGCAGT
1;GTGACCAGTGCCCATCCTGAAGACAGCAGCTTCTACATCTGCAGTGCCTGGCCTGATAAGAACACCGGGGAGCTGTTTTTTGGAGAA
2;GCTGCTCCCTCCCAGACATCTGTGTACTTCTGTGCCAGCAGTTACGGAGCCCCCGGGACAGCCTTTTACGAGCAGTACTTCGGGCCG
3;CCAGACATCTGTGTACTTCTGTGCCATCAGTGAGTCGATGGGGGGGGAACCTCCGGGGGGAACCTACGAGTGGAGTACTTCGGGCCG
4;GAACGCCTTGTTGCTGGGGGACTCGGCCCTGTATCTCTGTGCCAGCAGCTTGTAGGGGCCCTAAATGAAAAACTGTTTTTTGGCAGT
5;GTGAACGCCTTGTTGCTGGGGGACTCGGCCCTGTATCTCTGTGCCAGCAGCTTCGATTTCAGGGGTGACACCATATATTTTGGAGAG
6;ACTCTCAAGATCCAGCCTGCAAAGCTTGAGGACTCGGCCGTGTATCTCTGTGCCAGCTGGGTGGGAGGCGAGCAGTACTTCGGGCCG
7;AATTCCCTGGAGCTTGGTGACTCTGCTGTGTATTTCTGTGCCAGCAGCCCGACGTGGGCCGGCTACAATGAGCAGTTCTTCGGGCCA
8;AGGCTGCTGTCGGCTGCTCCCTCCCAGACATCTGTGTACTTCTGTGCCAGCAGTCACAGGGACGGAAACACCATATATTTTGGAGAG
9;GAGTCGCCCAGCCCCAACCAGACCTCTCTGTACTTCTGTGCCAGCAGTTTCTCGGGAGGGAGCTCCTACGAGCAGTACTTCGGGCCG
10;CAGCAGGAGGACTCCGCCGTGTATCTCTGTGCCAGCAGCTTAAATTTCCACGACCTTGCAACTAATGAAAAACTGTTTTTTGGCAGT
11;CAGCTGCTCCCTCTCAGACTTCTGTTTACTTCTGTGCCAGCAGTTCCGAGGACAGCCGAAAGCAATCAGCCCCAGCATTTTGGTGAT
12;TCCAGCGCACAGAGCGGGGGGACTCAGCCGTGTATCTCTGTGCCAGCAGCTCGACTAGCGGGGGGCAATGAGCAGTTCTTCGGGCCA
13;ACTGTGACATCGGCCCAAAAGAACCCGACAGCTTTCTATCTCTGTGCCAGTAGTATCTTTCATGGCAATGAGCAGTTCTTCGGGCCA
14;GAGTCGGCTGCTCCCTCCCAGACATCTGTGTACTTCTGTGCCAGCAGTGTAAGTAGCGAGTTCACCGGGGAGCTGTTTTTTGGAGAA
15;TTGGAGTCGGCTGCTCCCTCCCAAACATCTGTGTACTTCTGTGCCAGCAGTTACTCGGAGGGGGGCAATGAGCAGTTCTTCGGGCCA
16;AACATGAGCTCCTTGGAGCTGGGGGACTCAGCCCTGTACTTCTGTGCCAGCAGCTTAGGGCTGGCTGAAAAACTGTTTTTTGGCAGT
17;CTGCTGTCGGCTGCTCCCTCCCAGACATCTGTGTACTTCTGTGCCAGCAGCCTGACGAAGCGGGGCACTGAAGCTTTCTTTGGACAA
18;CTCCTCACTCTGGAGTCCGCTACCAGCTCCCAGACATCTGTGTACTTCTGTGCCATCAGTGAGTCCCACGAGCAGTACTTCGGGCCG
19;CACACCCTGCAGCCAGAAGACTCGGCCCTGTATCTCTGCGCCAGCAGCCAAGATTATAGGCTAGCCAACGAGCAGTACTTCGGGCCG
20;ACACCCTGCAGCTAGAAGACTCGGCCCTGTATCTCTGTGCCAGCAGCCCGGGGGGACAGGCCTATCTACGAGCAGTACTTCGGGCCG
21;AATGTGAACGCCTTGCTGGGGGACTCGGCCCTGTATCTCTGTGCCAGCAGCTTGGTAGTCATGAACACTGAAGCTTTCTTTGGACAA
22;CCGTCTCTACTCTGAAGATCCAGCGCACAGAGCGGGGGACTCAGCCGTGTATCTCTGTGCCAGCAGCTCCCAGGAATGGCCGGGCCG
